INSERT INTO country (code, name)
VALUES ('US', 'United States'),
       ('CA', 'Canada'),
       ('UK', 'United Kingdom'),
       ('FR', 'France'),
       ('DE', 'Germany'),
       ('IT', 'Italy'),
       ('ES', 'Spain'),
       ('JP', 'Japan'),
       ('KR', 'South Korea'),
       ('AU', 'Australia'),
       ('BR', 'Brazil'),
       ('CN', 'China'),
       ('RU', 'Russia'),
       ('MX', 'Mexico'),
       ('AR', 'Argentina');

INSERT INTO city (code, name, country_code)
VALUES ('NYC', 'New York City', 'US'),
       ('LON', 'London', 'UK'),
       ('PAR', 'Paris', 'FR'),
       ('TKO', 'Tokyo', 'JP'),
       ('LHR', 'Longford', 'UK'),
       ('IST', 'Mexico', 'MX'),
       ('BER', 'Berlin', 'DE'),
       ('ROM', 'Rome', 'IT'),
       ('SYD', 'Sydney', 'AU'),
       ('LAX', 'Los Angeles', 'US'),
       ('BCN', 'Barcelona', 'ES'),
       ('SIN', 'Buenos-Vadimus', 'AR'),
       ('DEL', 'Poltavskaya', 'RU'),
       ('JKT', 'ChinChanChon', 'CN'),
       ('KUL', 'Vancouver', 'CA');


INSERT INTO airline (id, name, site, logo, country_code)
VALUES ('3b354363-c199-4ae1-b586-e95696b05e3b', 'Delta Air Lines', 'https://www.delta.com',
        'https://www.delta.com/content/dam/delta-www/logos/delta-logo-icon.svg', 'US'),
       ('77be48d8-0066-4b90-aa9a-a1f443fa875e', 'British Airways', 'https://www.britishairways.com',
        'https://www.britishairways.com/assets/images/header/footer/ba-logo.png', 'UK'),
       ('524c18b3-6daa-49db-acf9-0d8d55daba3a', 'Air France', 'https://www.airfrance.com',
        'https://www.airfrance.us/US/en/common/common/img/header/logo-airfrance.png', 'FR'),
       ('d36e6ed9-5b22-41c5-9372-65f5fc416e2b', 'Argentina', 'https://www.emirates.com',
        'https://www.emirates.com/etc/designs/emirates/clientlibs/img/common/logo.svg', 'AR'),
       ('7a6d602b-5050-4098-8016-3e792d27f58e', 'Qantas', 'https://www.qantas.com',
        'https://www.qantas.com/etc/designs/qantas/clientlibs/img/qantas-logo.svg', 'AU'),
       ('d36e6ed9-5b22-41c5-9372-65f5fc416e9b', 'Japan Airlines', 'https://www.singaporeair.com',
        'https://www.singaporeair.com/saar5/images/sia/branding/common/sia_logo.svg', 'JP');

INSERT INTO airplane_type (code, name)
VALUES ('PASSENGER', 'Пассажирский'),
       ('CARGO', 'Грузовой');

INSERT INTO airplane_model (code, seat_number, type_code, maximum_flight_range, "length", path_length)
VALUES ('Boeing 737-800', 200, 'PASSENGER', 7000, 76.4, 70.7),
       ('Airbus A320', 100, 'PASSENGER', 11000, 73.9, 64.8),
       ('M-001', 300, 'CARGO', 5950, 37.6, 34.1),
       ('M-002', 400, 'CARGO', 11750, 63.7, 58.8),
       ('Boeing 738-300', 250, 'PASSENGER', 4200, 36.2, 33.9);

INSERT INTO airplane (id, code, model_code, airline_id, manufacture_date, number_of_flights)
VALUES ('ba526c15-8550-4b3f-aea3-2e8c7ff79a44', '2131', 'Boeing 737-800', '3b354363-c199-4ae1-b586-e95696b05e3b', '2000-01-01', 100),
       ('e79ceea0-9f60-4901-b41a-f9b3a77db5ce', '1321', 'Airbus A320', '77be48d8-0066-4b90-aa9a-a1f443fa875e', '2005-06-15', 500),
       ('002bf9cb-3719-4a36-8fd4-9edbb8505d8a', '3244', 'M-001', '524c18b3-6daa-49db-acf9-0d8d55daba3a', '2010-10-21', 750),
       ('e86fe6d6-cce9-4700-b223-2b6383b15cda', '2342', 'M-002', 'd36e6ed9-5b22-41c5-9372-65f5fc416e2b', '2008-12-05', 900),
       ('28372593-a961-4323-937d-28a2673acf01', '1234', 'Boeing 738-300', '7a6d602b-5050-4098-8016-3e792d27f58e', '2015-04-11', 250);


INSERT INTO airport (id, city_code, name, code, is_international, address, phone_number)
VALUES ('77cf222d-6d2f-42e9-8e2f-5bcad42d8530', 'NYC', 'John F. Kennedy International Airport', 'JFK', true,
        'JFK Airport, Jamaica, NY 11430, United States', '+1 718-244-4444'),
       ('5efc7eb8-53f2-4168-8495-92681cf881e3', 'LAX', 'Los Angeles International Airport', 'LAX', true,
        '1 World Way, Los Angeles, CA 90045, United States', '+1 855-463-5252'),
       ('839e7087-d09e-43ff-8ea4-d20cedb46b12', 'PAR', 'Charles de Gaulle Airport', 'CDG', true,
        '95700 Roissy-en-France, France', '+33 1 70 36 39 50'),
       ('1c72a5b8-17c1-4442-a780-f2356c8d3bcb', 'IST', 'Istanbul Airport', 'IST', true,
        'Yeşilköy Mah. Terminal Cad. No:1, 34200 Bakırköy/İstanbul, Turkey', '+90 212 444 1 442'),
       ('c1a2933a-63a3-4512-9403-83465cec7627', 'LHR', 'Heathrow Airport', 'LHR', true, 'Longford TW6, United Kingdom',
        '+44 844 335 1801'),
       ('314272e5-7156-4f45-882c-4b2dce583472', 'TKO', 'Narita International Airport', 'NRT', true,
        '1-1 Furugome, Narita, Chiba 282-0004, Japan', '+81 476-34-8000'),
       ('5ea003e4-6fb5-4cf5-b6c3-060db7b6a7e5', 'LAX', 'Changi Airport', 'SIN', true, 'Airport Blvd, Osaka 819666',
        '+65 6595 6868'),
       ('485d24cc-4ced-41d3-a592-5d66be525759', 'KUL', 'Dubai International Airport', 'DXB', true,
        'Dubai - United Arab Emirates', '+971 4 224 5555'),
       ('ba12e741-bd5b-4ffb-9abd-dcafe51e08e5', 'BCN', 'Suvarnabhumi Airport', 'BKK', true,
        '999 หมู่ 1 Nong Prue, Bang Phli District, Samut Prakan 10540, Thailand', '+66 2 132 1888'),
       ('d375ab3e-dab5-40d0-800f-736802687caf', 'ROM', 'Beijing Capital International Airport', 'PEK', true,
        'Shunyi, Beijing, China', '+86 10 96158');


INSERT INTO route (id, code, source_airport_id, target_airport_id, flight_duration)
VALUES ('5efc7eb8-53f2-4168-8495-92681cf881e3', 'ATL-LAX', '77cf222d-6d2f-42e9-8e2f-5bcad42d8530',
        '5efc7eb8-53f2-4168-8495-92681cf881e3', 285),
       ('77cf222d-6d2f-42e9-8e2f-5bcad42d8530', 'LAX-JFK', '5efc7eb8-53f2-4168-8495-92681cf881e3',
        '77cf222d-6d2f-42e9-8e2f-5bcad42d8530', 345),
       ('839e7087-d09e-43ff-8ea4-d20cedb46b12', 'JFK-ORD', '839e7087-d09e-43ff-8ea4-d20cedb46b12',
        '1c72a5b8-17c1-4442-a780-f2356c8d3bcb', 210),
       ('1c72a5b8-17c1-4442-a780-f2356c8d3bcb', 'SFO-LAS', '1c72a5b8-17c1-4442-a780-f2356c8d3bcb',
        '839e7087-d09e-43ff-8ea4-d20cedb46b12', 105),
       ('c1a2933a-63a3-4512-9403-83465cec7627', 'LAS-DEN', 'c1a2933a-63a3-4512-9403-83465cec7627',
        '314272e5-7156-4f45-882c-4b2dce583472', 135),
       ('314272e5-7156-4f45-882c-4b2dce583472', 'DEN-SLC', '314272e5-7156-4f45-882c-4b2dce583472',
        'c1a2933a-63a3-4512-9403-83465cec7627', 80),
       ('5ea003e4-6fb5-4cf5-b6c3-060db7b6a7e5', 'ORD-DFW', '5ea003e4-6fb5-4cf5-b6c3-060db7b6a7e5',
        '485d24cc-4ced-41d3-a592-5d66be525759', 130),
       ('485d24cc-4ced-41d3-a592-5d66be525759', 'DFW-MIA', '485d24cc-4ced-41d3-a592-5d66be525759',
        '5ea003e4-6fb5-4cf5-b6c3-060db7b6a7e5', 180),
       ('ba12e741-bd5b-4ffb-9abd-dcafe51e08e5', 'MIA-PHL', 'ba12e741-bd5b-4ffb-9abd-dcafe51e08e5',
        'd375ab3e-dab5-40d0-800f-736802687caf', 145),
       ('d375ab3e-dab5-40d0-800f-736802687caf', 'SEA-IAH', 'd375ab3e-dab5-40d0-800f-736802687caf',
        'ba12e741-bd5b-4ffb-9abd-dcafe51e08e5', 255);


INSERT INTO flight (id, code, route_id, airplane_id)
VALUES ('e6e6a0fb-7ad8-4475-a183-f1a2bbc70605', 'AB123', '5efc7eb8-53f2-4168-8495-92681cf881e3',
        'ba526c15-8550-4b3f-aea3-2e8c7ff79a44'),
       ('9d185a06-1d19-43eb-ba0e-667298f39608', 'DE456', '77cf222d-6d2f-42e9-8e2f-5bcad42d8530',
        'ba526c15-8550-4b3f-aea3-2e8c7ff79a44'),
       ('19944f93-f762-44d0-8af2-1540014631c0', 'GH789', '839e7087-d09e-43ff-8ea4-d20cedb46b12',
        'ba526c15-8550-4b3f-aea3-2e8c7ff79a44'),
       ('d39b9073-c3b9-44fa-ac39-128456d379e3', 'JK012', '1c72a5b8-17c1-4442-a780-f2356c8d3bcb',
        'e79ceea0-9f60-4901-b41a-f9b3a77db5ce'),
       ('8482320b-6424-472c-984d-7491d7fed512', 'MN345', 'c1a2933a-63a3-4512-9403-83465cec7627',
        'e79ceea0-9f60-4901-b41a-f9b3a77db5ce'),
       ('0b4b89c7-007a-40f7-b142-335b95ef9273', 'PQ678', '314272e5-7156-4f45-882c-4b2dce583472',
        '002bf9cb-3719-4a36-8fd4-9edbb8505d8a'),
       ('010a3371-fc3e-4c9b-bf65-e0c7082be046', 'ST901', '5ea003e4-6fb5-4cf5-b6c3-060db7b6a7e5',
        '28372593-a961-4323-937d-28a2673acf01'),
       ('a3a9379b-6e2a-4edc-9481-3ada83cf36ac', 'VW234', '485d24cc-4ced-41d3-a592-5d66be525759',
        '28372593-a961-4323-937d-28a2673acf01'),
       ('91ce309f-4472-42af-ac55-6b286df259bf', 'YZ567', 'ba12e741-bd5b-4ffb-9abd-dcafe51e08e5',
        'ba526c15-8550-4b3f-aea3-2e8c7ff79a44'),
       ('d971dca2-1c57-47e4-9c0a-327416218e08', 'BC890', 'd375ab3e-dab5-40d0-800f-736802687caf',
        'e86fe6d6-cce9-4700-b223-2b6383b15cda'),
       ('a83196d0-4a09-4826-9364-a9c5787bc4f9', 'LH123', 'd375ab3e-dab5-40d0-800f-736802687caf',
        '28372593-a961-4323-937d-28a2673acf01'),
       ('c88a35a4-a8e0-4b3a-b875-f471badf09eb', 'BA456', '839e7087-d09e-43ff-8ea4-d20cedb46b12',
        'ba526c15-8550-4b3f-aea3-2e8c7ff79a44'),
       ('40e81ddb-d23a-45e5-989d-c14c2d7407ab', 'EK789', '1c72a5b8-17c1-4442-a780-f2356c8d3bcb',
        'e86fe6d6-cce9-4700-b223-2b6383b15cda'),
       ('dd08ce93-2c28-48df-a8b3-9f76e0023e6f', 'SQ432', '5ea003e4-6fb5-4cf5-b6c3-060db7b6a7e5',
        '28372593-a961-4323-937d-28a2673acf01'),
       ('6b3f5077-d13a-40f4-8a76-be2f6103bdd8', 'TK789', '485d24cc-4ced-41d3-a592-5d66be525759',
        '002bf9cb-3719-4a36-8fd4-9edbb8505d8a'),
       ('5c668f71-02f0-48f1-9234-a4cc3b92174b', 'UA234', '5ea003e4-6fb5-4cf5-b6c3-060db7b6a7e5',
        '002bf9cb-3719-4a36-8fd4-9edbb8505d8a');

-- Sample inserts for timetable table
INSERT INTO timetable (id, flight_id, departure_datetime, arrival_datetime, registration_start_datetime,
                       registration_end_datetime, delayed)
VALUES ('1912c482-8df6-48c4-b00f-43894610b823', 'e6e6a0fb-7ad8-4475-a183-f1a2bbc70605', '2023-05-25 08:00:00',
        '2023-05-25 10:00:00', '2023-05-25 06:00:00', '2023-03-25 07:30:00', FALSE),
       ('2589bf20-d5de-46f4-8f19-f38e4bd481bc', '9d185a06-1d19-43eb-ba0e-667298f39608', '2023-05-25 09:30:00',
        '2023-05-25 11:45:00', '2023-05-25 07:30:00', '2023-03-25 09:00:00', TRUE),
       ('2f1d161d-55a2-4a01-9228-b9fe72f422b1', '19944f93-f762-44d0-8af2-1540014631c0', '2023-05-27 11:00:00',
        '2023-05-27 13:00:00', '2023-05-27 08:30:00', '2023-03-27 10:30:00', FALSE),
       ('04abdd58-76e9-4956-99d7-072eb2ca87c3', 'd39b9073-c3b9-44fa-ac39-128456d379e3', '2023-05-28 12:30:00',
        '2023-05-28 14:15:00', '2023-05-28 10:00:00', '2023-03-28 12:00:00', FALSE),
       ('54a58e6b-4f68-4cfb-885f-b7504a917aca', '8482320b-6424-472c-984d-7491d7fed512', '2023-05-29 15:00:00',
        '2023-05-29 17:30:00', '2023-05-29 12:00:00', '2023-03-29 14:30:00', TRUE),
       ('6877fa11-8a41-4104-982a-bde566de6d66', '0b4b89c7-007a-40f7-b142-335b95ef9273', '2023-05-30 18:00:00',
        '2023-05-30 20:15:00', '2023-05-30 15:30:00', '2023-03-30 17:30:00', FALSE),
       ('1d5b09db-6264-4b30-b6cd-eab4a419e956', '010a3371-fc3e-4c9b-bf65-e0c7082be046', '2023-06-30 21:00:00',
        '2023-06-01 00:30:00', '2023-06-30 18:00:00', '2023-03-31 20:00:00', TRUE),
       ('cc854f49-df44-46ec-862d-aeca4faf40fc', 'a3a9379b-6e2a-4edc-9481-3ada83cf36ac', '2023-06-01 08:00:00',
        '2023-06-01 10:15:00', '2023-06-30 18:00:00', '2023-04-30 20:00:00', FALSE),
       ('217fdfc1-c05e-4c8f-9502-6f4ac63a9255', '91ce309f-4472-42af-ac55-6b286df259bf', '2023-06-30 21:00:00',
        '2023-06-01 13:30:00', '2023-06-01 15:00:00', '2023-05-01 20:00:00', FALSE),
       ('8f6f4804-2b63-4c71-9eae-0fbb276879b4', 'd971dca2-1c57-47e4-9c0a-327416218e08', '2023-06-30 21:00:00',
        '2023-06-01 00:30:00', '2023-06-30 18:00:00', '2023-05-31 20:00:00', FALSE),
       ('3c98ee6b-5556-4cfb-9978-80bb07e2d023', 'a83196d0-4a09-4826-9364-a9c5787bc4f9', '2023-04-01 10:00:00',
        '2023-04-01 13:00:00', '2023-04-01 08:00:00', '2023-04-01 09:00:00', false),
       ('7735cb7f-4f10-4e2a-bf82-09207d10d958', 'c88a35a4-a8e0-4b3a-b875-f471badf09eb', '2023-05-15 16:30:00',
        '2023-05-15 19:30:00', '2023-05-15 14:30:00', '2023-05-15 15:30:00', true),
       ('c690dc7f-07f0-46fe-af05-3f5166e253ac', '40e81ddb-d23a-45e5-989d-c14c2d7407ab', '2023-07-02 08:00:00',
        '2023-07-02 12:00:00', '2023-07-02 06:00:00', '2023-07-02 07:00:00', false),
       ('81df9917-cc9a-4255-9b82-527f4149f1f3', 'dd08ce93-2c28-48df-a8b3-9f76e0023e6f', '2023-08-12 15:45:00',
        '2023-08-12 20:30:00', '2023-08-12 13:45:00', '2023-08-12 14:45:00', true),
       ('c91ff3e3-8498-47ad-b808-0280653d289c', '6b3f5077-d13a-40f4-8a76-be2f6103bdd8', '2023-09-25 11:15:00',
        '2023-09-25 15:45:00', '2023-09-25 09:15:00', '2023-09-25 10:15:00', false),
       ('f1531fd6-e40b-42aa-be62-cd60ac41ec26', '5c668f71-02f0-48f1-9234-a4cc3b92174b', '2023-10-22 09:00:00',
        '2023-10-22 17:15:00', '2023-10-22 07:22:00', '2023-10-22 08:00:00', FALSE);

INSERT INTO seat_class (code, name)
VALUES ('E', 'Economy');
INSERT INTO seat_class (code, name)
VALUES ('B', 'Business');
INSERT INTO seat_class (code, name)
VALUES ('F', 'First Class');

INSERT INTO seat (id, class_code, airplane_model_code, code)
VALUES ('2f3186e3-f9cf-4334-bc29-4654d1c02e39', 'E', 'Boeing 737-800', '01A'),
       ('78e46f51-1603-4b87-9aae-913d7a0a9cd2', 'E', 'Boeing 737-800', '01B'),
       ('3d72e79c-27d4-4a09-9ed7-aac689471f49', 'E', 'Boeing 737-800', '02A'),
       ('3463e8a4-b982-4e33-8a8e-88c3f051c445', 'E', 'Boeing 737-800', '02B'),
       ('9ddf0a02-c9e7-4b6d-9854-ff1e7284b405', 'E', 'Boeing 737-800', '03A'),
       ('9b2bc4a3-9139-44af-af40-63f7fc58c518', 'E', 'Boeing 737-800', '03B'),
       ('2bdf479f-06c7-470f-99ed-679aa6ff6fc6', 'B', 'Airbus A320', '01A'),
       ('5de36f60-43ce-4b6a-b63c-96ca32318dfe', 'B', 'Airbus A320', '01B'),
       ('32215b5e-e871-4dca-a5b0-06e655c5284a', 'B', 'Airbus A320', '02A'),
       ('6d92db86-5eb4-42a1-bf64-63552c0da038', 'B', 'Airbus A320', '02B'),
       ('a419d90e-69ee-4ad9-a4a7-f500435b48a5', 'B', 'Airbus A320', '03A'),
       ('9a372081-1cbe-4e4e-a21c-a9455a41f1d2', 'B', 'Airbus A320', '03B'),
       (gen_random_uuid(), 'F', 'Airbus A320', '01A'),
       (gen_random_uuid(), 'F', 'Airbus A320', '01B'),
       (gen_random_uuid(), 'F', 'Airbus A320', '02A'),
       (gen_random_uuid(), 'F', 'Airbus A320', '02B'),
       (gen_random_uuid(), 'F', 'Airbus A320', '03A'),
       (gen_random_uuid(), 'F', 'Airbus A320', '03B'),
       (gen_random_uuid(), 'E', 'Airbus A320', '01A'),
       (gen_random_uuid(), 'E', 'Airbus A320', '01B'),
       (gen_random_uuid(), 'E', 'Airbus A320', '02A'),
       (gen_random_uuid(), 'E', 'M-001', '02B'),
       (gen_random_uuid(), 'E', 'M-001', '03A'),
       (gen_random_uuid(), 'E', 'M-001', '03B'),
       (gen_random_uuid(), 'B', 'M-001', '01A'),
       (gen_random_uuid(), 'B', 'M-001', '01B'),
       (gen_random_uuid(), 'B', 'M-001', '02A'),
       (gen_random_uuid(), 'B', 'M-001', '02B'),
       (gen_random_uuid(), 'B', 'M-001', '03A'),
       (gen_random_uuid(), 'B', 'M-001', '03B'),
       (gen_random_uuid(), 'E', 'M-002', '01A'),
       (gen_random_uuid(), 'E', 'M-002', '01B'),
       (gen_random_uuid(), 'E', 'M-002', '02A'),
       (gen_random_uuid(), 'E', 'M-002', '02B'),
       (gen_random_uuid(), 'E', 'M-002', '03A'),
       (gen_random_uuid(), 'E', 'M-002', '03B'),
       (gen_random_uuid(), 'B', 'M-002', '04A'),
       (gen_random_uuid(), 'B', 'M-002', '04B'),
       (gen_random_uuid(), 'B', 'M-002', '05A'),
       (gen_random_uuid(), 'B', 'M-002', '05B'),
       (gen_random_uuid(), 'B', 'M-002', '06A'),
       (gen_random_uuid(), 'B', 'M-002', '06B'),

       (gen_random_uuid(), 'E', 'M-001', '1A'),
       (gen_random_uuid(), 'E', 'M-001', '1B'),
       (gen_random_uuid(), 'B', 'M-001', '1C'),
       (gen_random_uuid(), 'E', 'Airbus A320', '2A'),
       (gen_random_uuid(), 'E', 'Airbus A320', '2B'),
       (gen_random_uuid(), 'E', 'Airbus A320', '2C'),
       (gen_random_uuid(), 'F', 'Boeing 738-300', '3A'),
       (gen_random_uuid(), 'E', 'Boeing 738-300', '3B'),
       (gen_random_uuid(), 'E', 'Boeing 738-300', '3C'),
       (gen_random_uuid(), 'E', 'Boeing 738-300', '4A'),
       (gen_random_uuid(), 'E', 'Boeing 738-300', '4B'),
       (gen_random_uuid(), 'E', 'Boeing 738-300', '4C'),
       (gen_random_uuid(), 'E', 'Boeing 738-300', '5A'),
       (gen_random_uuid(), 'E', 'Boeing 738-300', '5B'),
       (gen_random_uuid(), 'E', 'Boeing 738-300', '5C'),
       (gen_random_uuid(), 'E', 'Boeing 737-800', '6A'),
       (gen_random_uuid(), 'E', 'Boeing 737-800', '6B'),
       (gen_random_uuid(), 'E', 'Boeing 737-800', '6C'),
       (gen_random_uuid(), 'E', 'Boeing 737-800', '7A'),
       (gen_random_uuid(), 'E', 'Boeing 737-800', '7B'),
       (gen_random_uuid(), 'E', 'Boeing 737-800', '7C'),
       (gen_random_uuid(), 'E', 'Boeing 737-800', '8A'),
       (gen_random_uuid(), 'E', 'Boeing 737-800', '8B'),
       (gen_random_uuid(), 'E', 'Boeing 737-800', '8C'),
       (gen_random_uuid(), 'E', 'Boeing 737-800', '9A'),
       (gen_random_uuid(), 'E', 'Airbus A320', '9B'),
       (gen_random_uuid(), 'E', 'Airbus A320', '9C'),
       (gen_random_uuid(), 'E', 'Airbus A320', '10A'),
       (gen_random_uuid(), 'E', 'Airbus A320', '10B'),
       (gen_random_uuid(), 'E', 'Airbus A320', '10C');


INSERT INTO document_type (code, name)
VALUES ('PASSPORT', 'Passport'),
       ('ID_CARD', 'ID Card'),
       ('DRIVER_LICENSE', 'Driver License');

INSERT INTO tariff (id, airline_id, name, include_hand_baggage, hand_baggage_weight, include_baggage, baggage_weight,
                    include_ticket_exchange, include_ticket_refund)
VALUES ('f6dd6055-057d-481d-be92-cf1740fad37a', '3b354363-c199-4ae1-b586-e95696b05e3b', 'Basic', TRUE, 5.0, FALSE, NULL,
        FALSE, FALSE),
       ('3ce8ec62-823e-4ab5-a0f6-b1a7b3bba7ad', '3b354363-c199-4ae1-b586-e95696b05e3b', 'Standard', TRUE, 7.0, TRUE,
        20.0, TRUE, FALSE),
       ('9398c94b-9bb3-4ca3-9b41-827e8f469222', '77be48d8-0066-4b90-aa9a-a1f443fa875e', 'Premium', TRUE, 10.0, TRUE,
        30.0, TRUE, TRUE),
       ('52d0681c-6bb4-41a8-89a6-5a885b4e93cb', '77be48d8-0066-4b90-aa9a-a1f443fa875e', 'Economy', TRUE, 5.0, TRUE,
        15.0, FALSE, FALSE),
       ('2dc0aea5-9876-4fe5-bea0-a57e3d343ac2', '77be48d8-0066-4b90-aa9a-a1f443fa875e', 'Business', TRUE, 10.0, TRUE,
        30.0, TRUE, TRUE),
       ('02f26d52-a1ee-4cc2-8f8b-d667dd90b8bc', '524c18b3-6daa-49db-acf9-0d8d55daba3a', 'First Class', TRUE, 15.0, TRUE,
        40.0, TRUE, TRUE),
       ('0a01b970-9a62-4ece-b871-32ff3af33d42', '524c18b3-6daa-49db-acf9-0d8d55daba3a', 'Economy Plus', TRUE, 7.0, TRUE,
        20.0, TRUE, FALSE),
       ('a1d5d550-165b-4a45-ae13-4e4706fcfa08', 'd36e6ed9-5b22-41c5-9372-65f5fc416e2b', 'Business Class', TRUE, 12.0,
        TRUE, 35.0, TRUE, TRUE),
       ('e32d3702-7d1d-42ad-85ea-b37a1f0223c9', 'd36e6ed9-5b22-41c5-9372-65f5fc416e2b', 'First Class Suite', TRUE, 20.0,
        TRUE, 50.0, TRUE, TRUE),
       ('4ab27962-7eb1-4d8a-91f8-444a765d6ece', 'd36e6ed9-5b22-41c5-9372-65f5fc416e9b', 'Basic Economy', FALSE, NULL,
        FALSE, NULL, FALSE, FALSE),
       ('b4fac2fa-05c7-43a2-909e-bac700195bbc', '7a6d602b-5050-4098-8016-3e792d27f58e', 'Economy', TRUE, 5.5,
        TRUE, 50.0, TRUE, TRUE),
       ('5a5f6096-6c75-4bc7-b361-0a0a09023568', '7a6d602b-5050-4098-8016-3e792d27f58e', 'Business', TRUE, NULL,
        FALSE, 40.5, FALSE, TRUE);


